Loan_ID,loan_status,Principal,terms,effective_date,due_date,paid_off_time,past_due_days,age,education,Gender
L1000,COLLECTION_PAIDOFF,515.3045402903847,30,2023-01-01,2023-01-08,2023-01-15,5.0,39.8869905603371,Bachelors,Male
L1001,PAIDOFF,1433.4363080794828,7,2023-01-02,2023-01-09,2023-01-16,,44.713889608048554,Masters,Female
L1002,COLLECTION_PAIDOFF,1001.0398839152592,7,2023-01-03,2023-01-10,2023-01-17,0.0,54.756199379148725,High School,Male
L1003,COLLECTION_PAIDOFF,1039.3774484000626,15,2023-01-04,2023-01-11,2023-01-18,10.0,42.82438986555319,Masters,Female
L1004,PAIDOFF,1183.963769398141,30,2023-01-05,2023-01-12,2023-01-19,15.0,21.215482387873475,Masters,Male
L1005,PAIDOFF,1115.8511643899137,30,2023-01-06,2023-01-13,2023-01-20,0.0,57.23794782027911,Masters,Female
L1006,COLLECTION_PAIDOFF,1443.891604560757,30,2023-01-07,2023-01-14,2023-01-21,0.0,47.58107004126245,Masters,Female
L1007,COLLECTION,1444.2515971251673,30,2023-01-08,2023-01-15,2023-01-22,0.0,47.06053543108986,High School,Male
L1008,COLLECTION_PAIDOFF,1367.1989335550038,15,2023-01-09,2023-01-16,2023-01-23,0.0,28.627006095908687,Bachelors,Female
L1009,COLLECTION_PAIDOFF,1136.4035974460112,15,2023-01-10,2023-01-17,2023-01-24,,46.355418809306286,High School,Female
L1010,COLLECTION_PAIDOFF,1300.9492946823998,7,2023-01-11,2023-01-18,2023-01-25,0.0,35.754576226166336,High School,Male
L1011,COLLECTION_PAIDOFF,1177.1683423829818,7,2023-01-12,2023-01-19,2023-01-26,5.0,46.04931908165968,High School,Female
L1012,PAIDOFF,1073.3670416719333,7,2023-01-13,2023-01-20,2023-01-27,10.0,24.26372121231963,Bachelors,Male
L1013,COLLECTION_PAIDOFF,628.5003532339101,7,2023-01-14,2023-01-21,2023-01-28,0.0,46.313812184121446,Masters,Male
L1014,COLLECTION,1311.2041767360029,15,2023-01-15,2023-01-22,2023-01-29,15.0,59.97654903082666,Masters,Male
L1015,PAIDOFF,1320.6394757439552,30,2023-01-16,2023-01-23,2023-01-30,0.0,21.92848155442224,Masters,Male
L1016,COLLECTION,1125.9396701015728,15,2023-01-17,2023-01-24,2023-01-31,15.0,59.08696736885269,Bachelors,Female
L1017,COLLECTION,1320.426843771268,7,2023-01-18,2023-01-25,2023-02-01,,36.27631842891482,Masters,Female
L1018,COLLECTION,1151.484771857788,15,2023-01-19,2023-01-26,2023-02-02,0.0,54.83013801349037,Bachelors,Female
L1019,COLLECTION,706.6843598767454,30,2023-01-20,2023-01-27,2023-02-03,0.0,51.29541936233094,Masters,Male
L1020,PAIDOFF,773.9611273211337,30,2023-01-21,2023-01-28,2023-02-04,0.0,42.68065043946671,Masters,Female
L1021,PAIDOFF,714.5891197083741,15,2023-01-22,2023-01-29,2023-02-05,,49.537968370053065,High School,Female
L1022,COLLECTION,877.2590832279759,15,2023-01-23,2023-01-30,2023-02-06,5.0,55.14062245205392,Bachelors,Male
L1023,COLLECTION,538.9631323102336,15,2023-01-24,2023-01-31,2023-02-07,5.0,36.165612866041315,High School,Male
L1024,PAIDOFF,1118.253884337893,7,2023-01-25,2023-02-01,2023-02-08,,33.081326462529546,High School,Female
L1025,PAIDOFF,836.5542148887265,15,2023-01-26,2023-02-02,2023-02-09,15.0,46.70373542254339,High School,Male
L1026,PAIDOFF,1155.7226353807423,15,2023-01-27,2023-02-03,2023-02-10,10.0,52.31383767765034,Bachelors,Male
L1027,COLLECTION_PAIDOFF,885.396620965565,15,2023-01-28,2023-02-04,2023-02-11,10.0,50.49140539106463,Bachelors,Male
L1028,COLLECTION_PAIDOFF,1181.6136689727896,30,2023-01-29,2023-02-05,2023-02-12,15.0,51.912545954345376,Masters,Male
L1029,COLLECTION_PAIDOFF,840.62456946424,30,2023-01-30,2023-02-06,2023-02-13,5.0,37.42333259251732,High School,Female
L1030,COLLECTION,760.6945282359031,7,2023-01-31,2023-02-07,2023-02-14,5.0,52.71336864700086,Masters,Male
L1031,COLLECTION_PAIDOFF,996.0374542934062,7,2023-02-01,2023-02-08,2023-02-15,5.0,24.80836221482434,High School,Male
L1032,COLLECTION,1192.8903586919394,30,2023-02-02,2023-02-09,2023-02-16,0.0,41.77956391843398,Bachelors,Male
L1033,COLLECTION,848.3366044531974,30,2023-02-03,2023-02-10,2023-02-17,5.0,20.230346419924864,Bachelors,Male
L1034,COLLECTION_PAIDOFF,1436.6481518557073,30,2023-02-04,2023-02-11,2023-02-18,0.0,32.98343319601081,Bachelors,Male
L1035,COLLECTION,539.1863266756462,15,2023-02-05,2023-02-12,2023-02-19,0.0,34.65846139485592,High School,Male
L1036,COLLECTION_PAIDOFF,917.9460317155788,15,2023-02-06,2023-02-13,2023-02-20,5.0,35.846907664370214,Bachelors,Male
L1037,COLLECTION_PAIDOFF,1467.5805515202474,30,2023-02-07,2023-02-14,2023-02-21,15.0,47.81868826759449,High School,Male
L1038,PAIDOFF,1047.9718832480874,15,2023-02-08,2023-02-15,2023-02-22,0.0,35.54232405081383,Masters,Female
L1039,COLLECTION_PAIDOFF,923.4709423081185,15,2023-02-09,2023-02-16,2023-02-23,0.0,37.94774490490123,High School,Male
L1040,PAIDOFF,1068.5202837499583,7,2023-02-10,2023-02-17,2023-02-24,15.0,29.5017652349731,Masters,Female
L1041,COLLECTION_PAIDOFF,1075.9245752580846,30,2023-02-11,2023-02-18,2023-02-25,0.0,34.9300716651736,High School,Male
L1042,COLLECTION_PAIDOFF,1231.6477552996403,30,2023-02-12,2023-02-19,2023-02-26,15.0,29.090785090526058,Masters,Male
L1043,PAIDOFF,627.6897294224656,15,2023-02-13,2023-02-20,2023-02-27,0.0,22.927836950737746,Bachelors,Male
L1044,PAIDOFF,750.0164492161047,30,2023-02-14,2023-02-21,2023-02-28,0.0,44.13794373525512,Masters,Male
L1045,COLLECTION_PAIDOFF,1080.5440123439098,7,2023-02-15,2023-02-22,2023-03-01,0.0,46.728511942200655,Bachelors,Female
L1046,COLLECTION,1367.1166072097221,7,2023-02-16,2023-02-23,2023-03-02,0.0,44.779613840384584,Bachelors,Male
L1047,PAIDOFF,1061.8666921437737,7,2023-02-17,2023-02-24,2023-03-03,15.0,38.5397617520229,Masters,Male
L1048,COLLECTION,738.5968597903402,30,2023-02-18,2023-02-25,2023-03-04,,35.19143120716919,High School,Female
L1049,COLLECTION,1179.8447799002458,30,2023-02-19,2023-02-26,2023-03-05,10.0,54.53334598287301,High School,Female
L1050,COLLECTION,1239.9087604473746,30,2023-02-20,2023-02-27,2023-03-06,5.0,40.76327140544872,High School,Male
L1051,PAIDOFF,738.2361524039794,30,2023-02-21,2023-02-28,2023-03-07,5.0,39.16727510518924,High School,Female
L1052,COLLECTION,877.7288861762948,30,2023-02-22,2023-03-01,2023-03-08,0.0,21.02568263225743,High School,Female
L1053,PAIDOFF,1034.3274735305636,7,2023-02-23,2023-03-02,2023-03-09,0.0,33.64991310504625,Bachelors,Female
L1054,COLLECTION,996.5611906830777,15,2023-02-24,2023-03-03,2023-03-10,5.0,35.20782475143428,High School,Male
L1055,COLLECTION_PAIDOFF,889.6180862192034,7,2023-02-25,2023-03-04,2023-03-11,10.0,35.952911235876016,Bachelors,Male
L1056,COLLECTION_PAIDOFF,797.6351745093109,30,2023-02-26,2023-03-05,2023-03-12,5.0,43.206894769093296,Bachelors,Male
L1057,PAIDOFF,599.9848871618634,7,2023-02-27,2023-03-06,2023-03-13,,41.34410186907514,Bachelors,Female
L1058,COLLECTION_PAIDOFF,553.4852967473689,30,2023-02-28,2023-03-07,2023-03-14,10.0,44.316203711737785,Masters,Male
L1059,COLLECTION_PAIDOFF,1458.5414968831983,30,2023-03-01,2023-03-08,2023-03-15,0.0,50.59533046168513,Masters,Female
L1060,COLLECTION,1347.1431440955898,7,2023-03-02,2023-03-09,2023-03-16,0.0,52.51942954864374,Bachelors,Male
L1061,PAIDOFF,854.9051904627206,30,2023-03-03,2023-03-10,2023-03-17,15.0,48.724923049059775,Masters,Male
L1062,COLLECTION,1456.8008851264563,15,2023-03-04,2023-03-11,2023-03-18,,58.22094783819739,High School,Female
L1063,COLLECTION,1176.7699044243031,30,2023-03-05,2023-03-12,2023-03-19,,20.729303307054465,High School,Male
L1064,COLLECTION,982.5209496426424,15,2023-03-06,2023-03-13,2023-03-20,0.0,27.831119427341843,Bachelors,Female
L1065,COLLECTION,993.025657771805,15,2023-03-07,2023-03-14,2023-03-21,0.0,20.302514999125684,High School,Female
L1066,COLLECTION,583.2844111952596,30,2023-03-08,2023-03-15,2023-03-22,0.0,45.898988566184116,Bachelors,Male
L1067,COLLECTION,591.704147258481,7,2023-03-09,2023-03-16,2023-03-23,,55.92122195799948,Bachelors,Female
L1068,COLLECTION,1102.440925901119,15,2023-03-10,2023-03-17,2023-03-24,0.0,29.73929186305197,High School,Male
L1069,PAIDOFF,1053.7030523458006,7,2023-03-11,2023-03-18,2023-03-25,0.0,57.081381791852266,Masters,Male
L1070,COLLECTION_PAIDOFF,712.7278950242289,15,2023-03-12,2023-03-19,2023-03-26,15.0,22.410695611582433,High School,Female
L1071,COLLECTION,1446.1945428816903,30,2023-03-13,2023-03-20,2023-03-27,0.0,57.37744107222057,High School,Male
L1072,COLLECTION,1281.2960504712025,30,2023-03-14,2023-03-21,2023-03-28,10.0,34.06490748958538,Bachelors,Female
L1073,COLLECTION,613.464602017448,15,2023-03-15,2023-03-22,2023-03-29,5.0,24.05683313796866,Bachelors,Male
L1074,COLLECTION,1430.9291056872926,30,2023-03-16,2023-03-23,2023-03-30,0.0,39.43487036745303,Bachelors,Male
L1075,COLLECTION,1474.2482085344102,15,2023-03-17,2023-03-24,2023-03-31,0.0,30.271062708820317,Bachelors,Male
L1076,COLLECTION,1495.931242030329,30,2023-03-18,2023-03-25,2023-04-01,10.0,31.394916078476914,Masters,Male
L1077,COLLECTION_PAIDOFF,555.8711546773501,7,2023-03-19,2023-03-26,2023-04-02,0.0,32.29159859705146,Masters,Male
L1078,COLLECTION_PAIDOFF,1237.0355567910087,30,2023-03-20,2023-03-27,2023-04-03,,52.121035913306535,Masters,Female
L1079,COLLECTION,1045.9157701649888,7,2023-03-21,2023-03-28,2023-04-04,,41.56645106701018,Bachelors,Female
L1080,COLLECTION_PAIDOFF,1205.8314838786946,30,2023-03-22,2023-03-29,2023-04-05,,32.45230796624014,Bachelors,Female
L1081,PAIDOFF,1468.651943974135,7,2023-03-23,2023-03-30,2023-04-06,10.0,44.41335133243673,Bachelors,Female
L1082,COLLECTION,1188.030010175039,30,2023-03-24,2023-03-31,2023-04-07,10.0,48.64602696892774,Masters,Female
L1083,PAIDOFF,1336.9638742373738,7,2023-03-25,2023-04-01,2023-04-08,0.0,30.90496002934135,Bachelors,Female
L1084,PAIDOFF,1366.8687053108415,15,2023-03-26,2023-04-02,2023-04-09,5.0,36.541964061014056,High School,Male
L1085,COLLECTION,1338.4807637639851,15,2023-03-27,2023-04-03,2023-04-10,0.0,24.8754437334779,High School,Male
L1086,COLLECTION_PAIDOFF,926.0914750469411,7,2023-03-28,2023-04-04,2023-04-11,,27.245973981387213,Bachelors,Female
L1087,PAIDOFF,722.5764175710306,30,2023-03-29,2023-04-05,2023-04-12,15.0,47.24471415859931,High School,Female
L1088,COLLECTION,896.6516019542519,7,2023-03-30,2023-04-06,2023-04-13,5.0,27.257533907825078,High School,Male
L1089,PAIDOFF,1391.8969087767766,30,2023-03-31,2023-04-07,2023-04-14,15.0,41.006535346682405,Masters,Male
L1090,PAIDOFF,646.6048216920256,15,2023-04-01,2023-04-08,2023-04-15,0.0,48.36185046889731,Bachelors,Male
L1091,PAIDOFF,1013.3261686923929,30,2023-04-02,2023-04-09,2023-04-16,0.0,24.275076923789754,Bachelors,Female
L1092,PAIDOFF,733.2280724245278,15,2023-04-03,2023-04-10,2023-04-17,0.0,42.692488785156144,Masters,Female
L1093,COLLECTION_PAIDOFF,1081.3054172267823,30,2023-04-04,2023-04-11,2023-04-18,0.0,30.262511348054552,High School,Female
L1094,PAIDOFF,1363.138521989004,30,2023-04-05,2023-04-12,2023-04-19,15.0,58.517075009503195,High School,Male
L1095,PAIDOFF,1380.3599686384168,30,2023-04-06,2023-04-13,2023-04-20,5.0,39.34182586879699,Bachelors,Male
L1096,PAIDOFF,736.6851936820788,7,2023-04-07,2023-04-14,2023-04-21,5.0,52.23970199100633,High School,Female
L1097,COLLECTION_PAIDOFF,1407.6937063485461,7,2023-04-08,2023-04-15,2023-04-22,10.0,42.00906168625047,Masters,Female
L1098,PAIDOFF,1091.8887388212843,15,2023-04-09,2023-04-16,2023-04-23,10.0,21.736501314192765,Masters,Male
L1099,PAIDOFF,850.2182467003136,15,2023-04-10,2023-04-17,2023-04-24,,45.326055023760894,Bachelors,Male
L1100,COLLECTION_PAIDOFF,1208.1811955832,7,2023-04-11,2023-04-18,2023-04-25,10.0,58.05613368826628,Masters,Male
L1101,COLLECTION_PAIDOFF,981.6669879641154,15,2023-04-12,2023-04-19,2023-04-26,0.0,44.06447280585325,Masters,Male
L1102,COLLECTION_PAIDOFF,877.9875901222545,7,2023-04-13,2023-04-20,2023-04-27,5.0,52.767554377071605,Bachelors,Female
L1103,PAIDOFF,1205.0843642966597,30,2023-04-14,2023-04-21,2023-04-28,15.0,55.36825853393631,Masters,Male
L1104,COLLECTION_PAIDOFF,748.724154430288,15,2023-04-15,2023-04-22,2023-04-29,0.0,29.1231908779573,Masters,Male
L1105,COLLECTION_PAIDOFF,830.2525290190986,15,2023-04-16,2023-04-23,2023-04-30,0.0,28.481793596329066,Masters,Male
L1106,PAIDOFF,934.4518444882713,7,2023-04-17,2023-04-24,2023-05-01,10.0,44.43923955403967,High School,Female
L1107,COLLECTION_PAIDOFF,753.6821738731387,15,2023-04-18,2023-04-25,2023-05-02,0.0,36.44113879226819,Bachelors,Female
L1108,PAIDOFF,905.2020867814172,15,2023-04-19,2023-04-26,2023-05-03,0.0,53.59445211466881,Bachelors,Male
L1109,COLLECTION,1071.4730252050108,30,2023-04-20,2023-04-27,2023-05-04,0.0,56.000924935920445,Bachelors,Male
L1110,COLLECTION_PAIDOFF,1240.9738609106685,15,2023-04-21,2023-04-28,2023-05-05,0.0,34.136855172108724,High School,Male
L1111,COLLECTION,1267.1948531085718,30,2023-04-22,2023-04-29,2023-05-06,5.0,29.47482235897928,High School,Female
L1112,PAIDOFF,1322.7903518766932,7,2023-04-23,2023-04-30,2023-05-07,15.0,51.221020609754476,Bachelors,Female
L1113,COLLECTION_PAIDOFF,1244.2116569432978,15,2023-04-24,2023-05-01,2023-05-08,,30.992241421925442,High School,Female
L1114,PAIDOFF,1181.039427096909,30,2023-04-25,2023-05-02,2023-05-09,0.0,52.90457274054714,Bachelors,Male
L1115,COLLECTION,737.50647129247,7,2023-04-26,2023-05-03,2023-05-10,10.0,36.94953014595051,High School,Female
L1116,PAIDOFF,900.2228928720249,15,2023-04-27,2023-05-04,2023-05-11,0.0,46.70199597165882,Masters,Male
L1117,COLLECTION_PAIDOFF,977.7148908802277,7,2023-04-28,2023-05-05,2023-05-12,0.0,23.82141255338673,Masters,Male
L1118,COLLECTION_PAIDOFF,582.8913216933543,15,2023-04-29,2023-05-06,2023-05-13,0.0,44.954372987062925,Bachelors,Male
L1119,COLLECTION,1028.3701212972092,7,2023-04-30,2023-05-07,2023-05-14,5.0,38.07070714948917,High School,Female
L1120,PAIDOFF,936.335831606556,7,2023-05-01,2023-05-08,2023-05-15,0.0,43.46433852701897,High School,Male
L1121,COLLECTION_PAIDOFF,1302.1092490267342,30,2023-05-02,2023-05-09,2023-05-16,,26.720568309794537,Masters,Female
L1122,COLLECTION,1477.900668754271,7,2023-05-03,2023-05-10,2023-05-17,5.0,49.47494979776728,Masters,Female
L1123,COLLECTION_PAIDOFF,1056.0050386425846,15,2023-05-04,2023-05-11,2023-05-18,0.0,54.51188310172914,High School,Male
L1124,COLLECTION_PAIDOFF,822.6863882775837,15,2023-05-05,2023-05-12,2023-05-19,5.0,28.669592003631024,High School,Male
L1125,PAIDOFF,543.4007832981728,30,2023-05-06,2023-05-13,2023-05-20,15.0,23.828582220806467,High School,Female
L1126,COLLECTION_PAIDOFF,1424.643330223596,15,2023-05-07,2023-05-14,2023-05-21,0.0,20.945543441853456,High School,Male
L1127,PAIDOFF,1419.1157152786595,15,2023-05-08,2023-05-15,2023-05-22,0.0,45.67886001773064,High School,Female
L1128,COLLECTION_PAIDOFF,752.9901679892412,15,2023-05-09,2023-05-16,2023-05-23,10.0,44.28376144355123,High School,Male
L1129,COLLECTION,1195.4111231066477,7,2023-05-10,2023-05-17,2023-05-24,10.0,41.8678965085628,Bachelors,Female
L1130,COLLECTION_PAIDOFF,575.4345470897692,7,2023-05-11,2023-05-18,2023-05-25,,29.277883844639017,High School,Female
L1131,PAIDOFF,666.2154319092529,15,2023-05-12,2023-05-19,2023-05-26,0.0,35.63623983622058,Masters,Female
L1132,PAIDOFF,716.8091065864912,30,2023-05-13,2023-05-20,2023-05-27,15.0,43.77905340744692,Bachelors,Female
L1133,COLLECTION,794.4939468394298,7,2023-05-14,2023-05-21,2023-05-28,0.0,39.87067435436678,High School,Male
L1134,COLLECTION_PAIDOFF,1495.8313750293707,30,2023-05-15,2023-05-22,2023-05-29,5.0,59.51142080859549,Masters,Male
L1135,COLLECTION_PAIDOFF,1196.9250558638148,15,2023-05-16,2023-05-23,2023-05-30,,25.457590102269325,Bachelors,Female
L1136,COLLECTION,884.2018313792199,15,2023-05-17,2023-05-24,2023-05-31,0.0,47.80578216190375,Masters,Female
L1137,COLLECTION_PAIDOFF,1237.100705843019,7,2023-05-18,2023-05-25,2023-06-01,10.0,36.172750724171685,High School,Male
L1138,COLLECTION_PAIDOFF,1415.2543416691065,15,2023-05-19,2023-05-26,2023-06-02,5.0,37.12798459702459,High School,Male
L1139,PAIDOFF,1458.7024074078463,7,2023-05-20,2023-05-27,2023-06-03,10.0,48.70391062632705,High School,Male
L1140,COLLECTION_PAIDOFF,557.8638977577074,15,2023-05-21,2023-05-28,2023-06-04,5.0,47.69744605297478,High School,Male
L1141,COLLECTION_PAIDOFF,894.5217986081299,15,2023-05-22,2023-05-29,2023-06-05,0.0,59.65023974808753,Bachelors,Male
L1142,COLLECTION,606.7560659358844,7,2023-05-23,2023-05-30,2023-06-06,0.0,25.13577157816501,Bachelors,Male
L1143,COLLECTION,835.6600647969632,7,2023-05-24,2023-05-31,2023-06-07,5.0,24.164385975366653,Masters,Female
L1144,PAIDOFF,669.6799038955655,7,2023-05-25,2023-06-01,2023-06-08,15.0,48.97355268514964,High School,Male
L1145,COLLECTION_PAIDOFF,1146.8483616687238,15,2023-05-26,2023-06-02,2023-06-09,,43.13547668025636,Masters,Male
L1146,COLLECTION_PAIDOFF,888.2683839898722,15,2023-05-27,2023-06-03,2023-06-10,0.0,30.966426662392234,Bachelors,Female
L1147,COLLECTION_PAIDOFF,729.3947457049496,30,2023-05-28,2023-06-04,2023-06-11,15.0,23.176774759559464,High School,Male
L1148,PAIDOFF,765.937924964239,7,2023-05-29,2023-06-05,2023-06-12,15.0,23.426329983857222,High School,Male
L1149,PAIDOFF,860.3450952052683,15,2023-05-30,2023-06-06,2023-06-13,,55.76763498656473,Bachelors,Male
L1150,COLLECTION,759.9498628542626,15,2023-05-31,2023-06-07,2023-06-14,0.0,27.674692988749715,Bachelors,Male
L1151,PAIDOFF,953.2408468288311,7,2023-06-01,2023-06-08,2023-06-15,15.0,32.93486248462083,Bachelors,Male
L1152,COLLECTION_PAIDOFF,532.3159511096504,30,2023-06-02,2023-06-09,2023-06-16,5.0,29.06625608907952,Bachelors,Female
L1153,COLLECTION_PAIDOFF,779.7635071689457,7,2023-06-03,2023-06-10,2023-06-17,5.0,34.1998522332775,Bachelors,Male
L1154,PAIDOFF,911.2067208721862,30,2023-06-04,2023-06-11,2023-06-18,5.0,22.776953709843735,High School,Female
L1155,COLLECTION_PAIDOFF,1102.7818820232985,15,2023-06-05,2023-06-12,2023-06-19,0.0,40.76239163633082,Bachelors,Female
L1156,COLLECTION_PAIDOFF,770.9576425151299,30,2023-06-06,2023-06-13,2023-06-20,15.0,22.704502543688598,High School,Male
L1157,PAIDOFF,633.1851252237498,15,2023-06-07,2023-06-14,2023-06-21,0.0,52.014260312894464,High School,Female
L1158,PAIDOFF,576.2003795991632,7,2023-06-08,2023-06-15,2023-06-22,5.0,29.34848327641732,Bachelors,Male
L1159,COLLECTION_PAIDOFF,1440.5318271353835,7,2023-06-09,2023-06-16,2023-06-23,,41.60047658418043,Bachelors,Female
L1160,COLLECTION_PAIDOFF,916.6390577384792,7,2023-06-10,2023-06-17,2023-06-24,15.0,55.20316350245833,High School,Female
L1161,COLLECTION_PAIDOFF,1081.1626211808261,30,2023-06-11,2023-06-18,2023-06-25,15.0,46.03509476188776,Bachelors,Male
L1162,COLLECTION,1419.1765518355596,15,2023-06-12,2023-06-19,2023-06-26,10.0,41.318311462053416,Bachelors,Male
L1163,COLLECTION,582.7484200353061,7,2023-06-13,2023-06-20,2023-06-27,10.0,32.973350124615024,Bachelors,Male
L1164,COLLECTION,1376.6614859257927,7,2023-06-14,2023-06-21,2023-06-28,0.0,33.320076522327916,Masters,Male
L1165,PAIDOFF,1051.58787254407,15,2023-06-15,2023-06-22,2023-06-29,0.0,46.7794782079276,High School,Male
L1166,COLLECTION,664.8342611370009,7,2023-06-16,2023-06-23,2023-06-30,10.0,59.7655744488467,Masters,Female
L1167,PAIDOFF,911.255116585369,15,2023-06-17,2023-06-24,2023-07-01,0.0,46.47356759397515,Bachelors,Female
L1168,PAIDOFF,1277.6022837352257,15,2023-06-18,2023-06-25,2023-07-02,10.0,42.311336694801,Masters,Female
L1169,COLLECTION,980.3700818663547,15,2023-06-19,2023-06-26,2023-07-03,0.0,49.22602040956984,Bachelors,Female
L1170,COLLECTION,1485.2860506655043,15,2023-06-20,2023-06-27,2023-07-04,15.0,38.60822449134872,Masters,Female
L1171,COLLECTION,876.7389699379407,15,2023-06-21,2023-06-28,2023-07-05,0.0,22.405693704031407,Bachelors,Female
L1172,COLLECTION_PAIDOFF,1249.578299976072,30,2023-06-22,2023-06-29,2023-07-06,15.0,42.491872635116394,Masters,Female
L1173,COLLECTION,892.9894489788592,7,2023-06-23,2023-06-30,2023-07-07,,58.305011380215205,Masters,Male
L1174,COLLECTION_PAIDOFF,1329.1642207065142,30,2023-06-24,2023-07-01,2023-07-08,,27.012117694306387,Masters,Male
L1175,PAIDOFF,1069.0814691657476,7,2023-06-25,2023-07-02,2023-07-09,15.0,47.600195632826626,High School,Female
L1176,COLLECTION_PAIDOFF,563.5118295900013,30,2023-06-26,2023-07-03,2023-07-10,0.0,28.03734754636226,Masters,Female
L1177,COLLECTION,536.8218676359913,15,2023-06-27,2023-07-04,2023-07-11,10.0,41.43310737892325,High School,Male
L1178,PAIDOFF,633.8521188006332,7,2023-06-28,2023-07-05,2023-07-12,0.0,23.867057985868783,Bachelors,Male
L1179,PAIDOFF,513.6719648269973,7,2023-06-29,2023-07-06,2023-07-13,0.0,38.014837450327406,Masters,Male
L1180,PAIDOFF,575.3590603524623,30,2023-06-30,2023-07-07,2023-07-14,5.0,50.24653315580984,Bachelors,Male
L1181,COLLECTION_PAIDOFF,1191.714397168912,30,2023-07-01,2023-07-08,2023-07-15,15.0,33.902860969559285,Bachelors,Female
L1182,COLLECTION,1034.346275029463,7,2023-07-02,2023-07-09,2023-07-16,0.0,46.59646897948872,Masters,Male
L1183,PAIDOFF,1249.910749469972,30,2023-07-03,2023-07-10,2023-07-17,0.0,51.81799843158917,High School,Female
L1184,PAIDOFF,1413.165752257643,30,2023-07-04,2023-07-11,2023-07-18,15.0,57.087112779178106,Masters,Female
L1185,PAIDOFF,1085.149532325472,30,2023-07-05,2023-07-12,2023-07-19,0.0,29.38568327421814,Bachelors,Female
L1186,COLLECTION_PAIDOFF,1226.120844071848,15,2023-07-06,2023-07-13,2023-07-20,0.0,35.97263663237233,Bachelors,Male
L1187,COLLECTION_PAIDOFF,1257.081202042456,15,2023-07-07,2023-07-14,2023-07-21,0.0,26.096640533216696,Masters,Male
L1188,COLLECTION,877.8505492757864,30,2023-07-08,2023-07-15,2023-07-22,5.0,59.699340086335006,High School,Female
L1189,COLLECTION_PAIDOFF,741.0848323296318,30,2023-07-09,2023-07-16,2023-07-23,0.0,57.08003871697181,High School,Female
L1190,PAIDOFF,705.0453285065249,15,2023-07-10,2023-07-17,2023-07-24,15.0,41.59828521122238,Bachelors,Female
L1191,COLLECTION,751.4424395117985,15,2023-07-11,2023-07-18,2023-07-25,,53.68133177505685,Bachelors,Male
L1192,PAIDOFF,774.7317970259087,7,2023-07-12,2023-07-19,2023-07-26,15.0,40.83831909088168,High School,Female
L1193,PAIDOFF,707.2276490080565,7,2023-07-13,2023-07-20,2023-07-27,15.0,44.94342752011039,Masters,Male
L1194,COLLECTION_PAIDOFF,1378.2206674791923,15,2023-07-14,2023-07-21,2023-07-28,5.0,23.564977284640666,Bachelors,Female
L1195,COLLECTION,1256.9991321722287,30,2023-07-15,2023-07-22,2023-07-29,5.0,50.21081681987232,High School,Female
L1196,COLLECTION_PAIDOFF,546.89646779122,30,2023-07-16,2023-07-23,2023-07-30,0.0,25.108539345409394,Bachelors,Female
L1197,COLLECTION_PAIDOFF,768.6724820253073,30,2023-07-17,2023-07-24,2023-07-31,0.0,53.04270521010113,Masters,Male
L1198,COLLECTION,522.1847420303017,30,2023-07-18,2023-07-25,2023-08-01,0.0,51.28112350681543,High School,Male
L1199,PAIDOFF,998.165186645893,7,2023-07-19,2023-07-26,2023-08-02,5.0,48.349787909719055,Bachelors,Female
L1200,PAIDOFF,976.2106967890142,15,2023-07-20,2023-07-27,2023-08-03,0.0,21.446415220990485,Masters,Male
L1201,COLLECTION,1331.3714900625014,30,2023-07-21,2023-07-28,2023-08-04,0.0,32.12513423781314,Bachelors,Female
L1202,PAIDOFF,807.7772397710494,7,2023-07-22,2023-07-29,2023-08-05,0.0,30.524502796433715,Masters,Male
L1203,COLLECTION,1316.3857352130624,30,2023-07-23,2023-07-30,2023-08-06,0.0,34.40545629886076,Masters,Male
L1204,COLLECTION,1467.9737654398232,15,2023-07-24,2023-07-31,2023-08-07,0.0,23.50570987055354,High School,Male
L1205,COLLECTION_PAIDOFF,588.4082233656466,7,2023-07-25,2023-08-01,2023-08-08,10.0,57.47831292124251,Masters,Female
L1206,COLLECTION,1291.8178394696329,15,2023-07-26,2023-08-02,2023-08-09,15.0,42.15208962849505,Bachelors,Male
L1207,COLLECTION_PAIDOFF,1089.955897137636,15,2023-07-27,2023-08-03,2023-08-10,0.0,32.22097242632094,Masters,Male
L1208,PAIDOFF,980.0459670184752,7,2023-07-28,2023-08-04,2023-08-11,10.0,35.879260682971335,Masters,Female
L1209,PAIDOFF,920.5357786650751,7,2023-07-29,2023-08-05,2023-08-12,5.0,37.888101620193424,High School,Female
L1210,PAIDOFF,1284.6682639443095,7,2023-07-30,2023-08-06,2023-08-13,0.0,44.02377333442469,Masters,Female
L1211,PAIDOFF,1139.3613569742424,7,2023-07-31,2023-08-07,2023-08-14,15.0,40.62717710785991,Masters,Female
L1212,COLLECTION_PAIDOFF,1305.0446675193618,7,2023-08-01,2023-08-08,2023-08-15,,56.775678928576696,Bachelors,Male
L1213,PAIDOFF,1403.1510586766262,7,2023-08-02,2023-08-09,2023-08-16,0.0,39.87853931623321,High School,Male
L1214,COLLECTION,1117.263712097292,7,2023-08-03,2023-08-10,2023-08-17,15.0,59.6863205929325,High School,Male
L1215,COLLECTION,1480.4627250923777,30,2023-08-04,2023-08-11,2023-08-18,,54.05699830980383,High School,Male
L1216,COLLECTION,1108.0878495418851,15,2023-08-05,2023-08-12,2023-08-19,0.0,28.340420574293432,Masters,Male
L1217,COLLECTION_PAIDOFF,1136.6443216222824,7,2023-08-06,2023-08-13,2023-08-20,15.0,57.22380858575665,High School,Female
L1218,PAIDOFF,1054.8156085422256,30,2023-08-07,2023-08-14,2023-08-21,0.0,24.654655915419042,Masters,Male
L1219,PAIDOFF,591.0020910513302,30,2023-08-08,2023-08-15,2023-08-22,0.0,52.697988339647665,Masters,Male
L1220,PAIDOFF,1226.3970326502283,30,2023-08-09,2023-08-16,2023-08-23,,35.2249317390632,Bachelors,Male
L1221,COLLECTION_PAIDOFF,1047.4463068991115,15,2023-08-10,2023-08-17,2023-08-24,0.0,55.11897281780278,Bachelors,Female
L1222,COLLECTION,950.9104474161045,7,2023-08-11,2023-08-18,2023-08-25,0.0,54.72226760429801,Bachelors,Female
L1223,COLLECTION,1410.4712784032731,30,2023-08-12,2023-08-19,2023-08-26,,52.23701600470485,Bachelors,Male
L1224,PAIDOFF,797.9594515419504,15,2023-08-13,2023-08-20,2023-08-27,5.0,51.601217452282455,Bachelors,Female
L1225,COLLECTION,1023.6022760150112,15,2023-08-14,2023-08-21,2023-08-28,0.0,32.18716556392163,Masters,Female
L1226,COLLECTION,1197.6418714934634,15,2023-08-15,2023-08-22,2023-08-29,0.0,23.23677132205009,Masters,Female
L1227,COLLECTION_PAIDOFF,1296.4717756738773,30,2023-08-16,2023-08-23,2023-08-30,10.0,36.11920715060646,High School,Female
L1228,COLLECTION_PAIDOFF,959.3468079461725,7,2023-08-17,2023-08-24,2023-08-31,0.0,26.940980599460346,Masters,Female
L1229,COLLECTION_PAIDOFF,1342.0914150187095,30,2023-08-18,2023-08-25,2023-09-01,0.0,47.79804355609847,Masters,Female
L1230,COLLECTION_PAIDOFF,1268.9177413153975,30,2023-08-19,2023-08-26,2023-09-02,15.0,33.84398906151142,Bachelors,Female
L1231,PAIDOFF,566.2359778518659,7,2023-08-20,2023-08-27,2023-09-03,0.0,59.02440803439659,Masters,Male
L1232,COLLECTION_PAIDOFF,545.8612664046329,7,2023-08-21,2023-08-28,2023-09-04,15.0,45.63888309381328,Bachelors,Male
L1233,COLLECTION,1120.8056844220914,7,2023-08-22,2023-08-29,2023-09-05,0.0,52.899222545374435,High School,Female
L1234,PAIDOFF,847.4134082254143,15,2023-08-23,2023-08-30,2023-09-06,,25.300986909673938,High School,Male
L1235,COLLECTION,709.1307910785142,7,2023-08-24,2023-08-31,2023-09-07,,54.4805792909049,Masters,Male
L1236,COLLECTION,1079.6499344717386,30,2023-08-25,2023-09-01,2023-09-08,0.0,56.910287620535776,High School,Female
L1237,COLLECTION,841.563210456545,7,2023-08-26,2023-09-02,2023-09-09,0.0,39.482476752757435,Masters,Male
L1238,COLLECTION_PAIDOFF,1037.26341671407,30,2023-08-27,2023-09-03,2023-09-10,5.0,44.2501175100391,High School,Female
L1239,COLLECTION_PAIDOFF,960.1191589835721,15,2023-08-28,2023-09-04,2023-09-11,0.0,50.59239203611982,Bachelors,Female
L1240,PAIDOFF,1084.7661059491538,30,2023-08-29,2023-09-05,2023-09-12,5.0,26.993545090416504,Bachelors,Female
L1241,PAIDOFF,900.3004889102814,30,2023-08-30,2023-09-06,2023-09-13,15.0,40.102643058537694,Bachelors,Male
L1242,COLLECTION_PAIDOFF,1197.6675736969319,7,2023-08-31,2023-09-07,2023-09-14,5.0,35.946521110892526,Bachelors,Male
L1243,COLLECTION,680.0672723492985,7,2023-09-01,2023-09-08,2023-09-15,15.0,25.854959686489963,Masters,Male
L1244,PAIDOFF,1196.501466227079,30,2023-09-02,2023-09-09,2023-09-16,,34.701376891661255,High School,Male
L1245,COLLECTION_PAIDOFF,911.6612143575281,7,2023-09-03,2023-09-10,2023-09-17,0.0,22.726892375419744,Masters,Female
L1246,COLLECTION_PAIDOFF,1374.3176048544171,15,2023-09-04,2023-09-11,2023-09-18,,21.03247627797948,Bachelors,Female
L1247,COLLECTION_PAIDOFF,1015.2360548642108,15,2023-09-05,2023-09-12,2023-09-19,,25.40665156619291,Masters,Male
L1248,COLLECTION,1473.1103492701043,7,2023-09-06,2023-09-13,2023-09-20,0.0,58.52460446356695,High School,Female
L1249,COLLECTION_PAIDOFF,1101.9353955409601,15,2023-09-07,2023-09-14,2023-09-21,5.0,41.98118143580068,Masters,Female
L1250,COLLECTION_PAIDOFF,723.8490659063206,7,2023-09-08,2023-09-15,2023-09-22,5.0,58.6328864461288,High School,Male
L1251,COLLECTION_PAIDOFF,1321.7906368444492,30,2023-09-09,2023-09-16,2023-09-23,15.0,37.299915133205275,Masters,Female
L1252,COLLECTION_PAIDOFF,845.0826278223867,30,2023-09-10,2023-09-17,2023-09-24,0.0,32.47264532341038,High School,Male
L1253,PAIDOFF,847.6192144826834,15,2023-09-11,2023-09-18,2023-09-25,15.0,40.245674513609764,High School,Female
L1254,PAIDOFF,531.8046814851651,7,2023-09-12,2023-09-19,2023-09-26,0.0,37.58046754531641,Bachelors,Male
L1255,COLLECTION_PAIDOFF,1048.7153092074086,7,2023-09-13,2023-09-20,2023-09-27,,24.22658737046976,High School,Female
L1256,COLLECTION,1034.423503732523,15,2023-09-14,2023-09-21,2023-09-28,0.0,45.63305258760825,Bachelors,Female
L1257,PAIDOFF,855.9914842719861,30,2023-09-15,2023-09-22,2023-09-29,,28.641527300383984,Bachelors,Male
L1258,COLLECTION_PAIDOFF,1394.2172628959256,15,2023-09-16,2023-09-23,2023-09-30,0.0,44.78351819591318,Bachelors,Male
L1259,PAIDOFF,628.7483982996439,30,2023-09-17,2023-09-24,2023-10-01,5.0,46.00804369592613,Masters,Male
L1260,PAIDOFF,830.0995133101554,7,2023-09-18,2023-09-25,2023-10-02,0.0,26.080994125145924,Masters,Male
L1261,COLLECTION,821.582764680029,30,2023-09-19,2023-09-26,2023-10-03,15.0,22.453985084426726,Masters,Female
L1262,COLLECTION_PAIDOFF,592.2905862287461,15,2023-09-20,2023-09-27,2023-10-04,0.0,51.230463442737594,Masters,Female
L1263,COLLECTION_PAIDOFF,981.1453940562932,7,2023-09-21,2023-09-28,2023-10-05,0.0,38.392016950772806,High School,Male
L1264,COLLECTION,1187.784717096083,15,2023-09-22,2023-09-29,2023-10-06,15.0,22.32655182021903,High School,Female
L1265,COLLECTION,1011.6570135472612,15,2023-09-23,2023-09-30,2023-10-07,5.0,59.794652686790684,Masters,Male
L1266,COLLECTION_PAIDOFF,656.9776827161937,30,2023-09-24,2023-10-01,2023-10-08,,22.311222439854667,High School,Male
L1267,COLLECTION_PAIDOFF,877.2859652420725,15,2023-09-25,2023-10-02,2023-10-09,5.0,47.801409154342124,High School,Female
L1268,COLLECTION,502.59502438364655,30,2023-09-26,2023-10-03,2023-10-10,10.0,59.34715701053654,Bachelors,Female
L1269,PAIDOFF,1368.301107035587,7,2023-09-27,2023-10-04,2023-10-11,0.0,29.567204168637026,Bachelors,Male
L1270,PAIDOFF,584.5170076806819,30,2023-09-28,2023-10-05,2023-10-12,10.0,25.689974747487845,Bachelors,Male
L1271,COLLECTION,1097.2780822554305,7,2023-09-29,2023-10-06,2023-10-13,0.0,24.855397576897154,Bachelors,Male
L1272,PAIDOFF,1486.256995866815,30,2023-09-30,2023-10-07,2023-10-14,0.0,32.13100590270382,High School,Female
L1273,COLLECTION,1036.5906459873327,15,2023-10-01,2023-10-08,2023-10-15,0.0,24.041832440425868,Masters,Female
L1274,PAIDOFF,1424.041759107433,30,2023-10-02,2023-10-09,2023-10-16,,47.68645366776528,High School,Female
L1275,PAIDOFF,736.1165331174043,30,2023-10-03,2023-10-10,2023-10-17,15.0,22.491671925202507,High School,Female
L1276,COLLECTION_PAIDOFF,1259.9554089375856,7,2023-10-04,2023-10-11,2023-10-18,5.0,40.37688512599159,High School,Male
L1277,COLLECTION_PAIDOFF,1031.2657539735342,15,2023-10-05,2023-10-12,2023-10-19,10.0,59.86787415411907,Bachelors,Male
L1278,PAIDOFF,1220.516061391465,30,2023-10-06,2023-10-13,2023-10-20,10.0,52.558810780240755,Bachelors,Male
L1279,PAIDOFF,562.3413625112414,15,2023-10-07,2023-10-14,2023-10-21,,44.608777529240434,Bachelors,Male
L1280,COLLECTION_PAIDOFF,647.7390919062267,30,2023-10-08,2023-10-15,2023-10-22,10.0,32.25014483146447,Masters,Male
L1281,COLLECTION_PAIDOFF,633.1169285874782,30,2023-10-09,2023-10-16,2023-10-23,,44.95583345166554,High School,Male
L1282,COLLECTION_PAIDOFF,1187.165505403331,15,2023-10-10,2023-10-17,2023-10-24,0.0,41.08165855646607,Masters,Female
L1283,COLLECTION,1344.4406726336288,30,2023-10-11,2023-10-18,2023-10-25,5.0,37.04333535561486,Bachelors,Female
L1284,PAIDOFF,1249.6162320085873,15,2023-10-12,2023-10-19,2023-10-26,0.0,25.22841506960798,Masters,Male
L1285,COLLECTION_PAIDOFF,530.4721527335942,30,2023-10-13,2023-10-20,2023-10-27,15.0,55.46416860961867,High School,Male
L1286,PAIDOFF,1367.2149810747233,7,2023-10-14,2023-10-21,2023-10-28,0.0,37.9913859528529,High School,Female
L1287,COLLECTION,854.1466707931254,15,2023-10-15,2023-10-22,2023-10-29,0.0,27.784900472830603,Bachelors,Female
L1288,COLLECTION,897.1638325040825,30,2023-10-16,2023-10-23,2023-10-30,15.0,34.71037403509158,Bachelors,Female
L1289,COLLECTION_PAIDOFF,604.8691665324809,30,2023-10-17,2023-10-24,2023-10-31,10.0,36.565190101157086,Masters,Female
L1290,COLLECTION,1237.405206093819,7,2023-10-18,2023-10-25,2023-11-01,0.0,53.10151582267497,Bachelors,Male
L1291,PAIDOFF,682.2838784759581,15,2023-10-19,2023-10-26,2023-11-02,0.0,49.344575222456086,Bachelors,Male
L1292,COLLECTION_PAIDOFF,1063.9650920188365,30,2023-10-20,2023-10-27,2023-11-03,0.0,50.77219574565359,High School,Male
L1293,PAIDOFF,1340.709985877931,7,2023-10-21,2023-10-28,2023-11-04,5.0,20.441250577145887,Bachelors,Male
L1294,PAIDOFF,589.2043287120562,30,2023-10-22,2023-10-29,2023-11-05,0.0,36.64615992719046,Bachelors,Male
L1295,COLLECTION,1035.3355640155235,15,2023-10-23,2023-10-30,2023-11-06,0.0,39.25376606541295,High School,Female
L1296,COLLECTION,733.2164115498013,30,2023-10-24,2023-10-31,2023-11-07,0.0,20.76769107292227,High School,Male
L1297,COLLECTION,842.9268642782603,30,2023-10-25,2023-11-01,2023-11-08,10.0,30.392528349801367,Masters,Female
L1298,COLLECTION,973.9699414305562,30,2023-10-26,2023-11-02,2023-11-09,10.0,50.4115929248854,Bachelors,Male
L1299,COLLECTION,855.1043032793048,30,2023-10-27,2023-11-03,2023-11-10,15.0,25.48438822915996,High School,Male
L1300,COLLECTION_PAIDOFF,1148.822840291576,7,2023-10-28,2023-11-04,2023-11-11,,41.41240525810367,Masters,Male
L1301,PAIDOFF,979.5821017542502,7,2023-10-29,2023-11-05,2023-11-12,,28.6080748806895,Masters,Male
L1302,PAIDOFF,1084.199484714169,15,2023-10-30,2023-11-06,2023-11-13,0.0,20.484830985755732,Bachelors,Male
L1303,PAIDOFF,1236.822475394913,7,2023-10-31,2023-11-07,2023-11-14,,29.64805830398166,Bachelors,Female
L1304,PAIDOFF,1057.7422659504373,7,2023-11-01,2023-11-08,2023-11-15,5.0,59.03495019640215,Masters,Female
L1305,COLLECTION,1086.5354346607592,15,2023-11-02,2023-11-09,2023-11-16,0.0,52.06148447531958,High School,Female
L1306,PAIDOFF,1064.4585425226414,7,2023-11-03,2023-11-10,2023-11-17,15.0,58.383065772841334,Masters,Male
L1307,COLLECTION_PAIDOFF,878.7726259512893,7,2023-11-04,2023-11-11,2023-11-18,10.0,39.514161757054495,Bachelors,Male
L1308,COLLECTION_PAIDOFF,837.4468338719181,15,2023-11-05,2023-11-12,2023-11-19,,24.38944794710014,High School,Female
L1309,PAIDOFF,1399.6473971450123,15,2023-11-06,2023-11-13,2023-11-20,0.0,41.91837955894772,High School,Male
L1310,PAIDOFF,1107.5552222935728,15,2023-11-07,2023-11-14,2023-11-21,10.0,38.17509338239844,Masters,Male
L1311,COLLECTION_PAIDOFF,744.3531554646545,30,2023-11-08,2023-11-15,2023-11-22,5.0,53.77428330958464,Bachelors,Female
L1312,COLLECTION_PAIDOFF,998.2476978489401,30,2023-11-09,2023-11-16,2023-11-23,10.0,23.923303231369783,Masters,Male
L1313,COLLECTION,830.348481280914,15,2023-11-10,2023-11-17,2023-11-24,5.0,39.529645480871125,Masters,Female
L1314,COLLECTION_PAIDOFF,1433.6918237598748,15,2023-11-11,2023-11-18,2023-11-25,5.0,26.00194658775937,Masters,Male
L1315,COLLECTION,507.53436313407474,15,2023-11-12,2023-11-19,2023-11-26,5.0,32.9870370756024,High School,Female
L1316,COLLECTION,725.3327977125282,30,2023-11-13,2023-11-20,2023-11-27,15.0,49.49428309551199,High School,Male
L1317,COLLECTION,865.3568196740576,30,2023-11-14,2023-11-21,2023-11-28,5.0,39.04072517475066,Bachelors,Male
L1318,COLLECTION,987.8098008087379,7,2023-11-15,2023-11-22,2023-11-29,5.0,35.035531405830774,Bachelors,Female
L1319,COLLECTION,1350.8175178361462,7,2023-11-16,2023-11-23,2023-11-30,0.0,35.779051142801414,Masters,Male
L1320,PAIDOFF,587.8876245401439,15,2023-11-17,2023-11-24,2023-12-01,0.0,38.377870736239466,Masters,Male
L1321,COLLECTION_PAIDOFF,1305.8648867411434,30,2023-11-18,2023-11-25,2023-12-02,0.0,51.400661753482275,Masters,Female
L1322,COLLECTION,555.6534893569753,30,2023-11-19,2023-11-26,2023-12-03,0.0,55.68338755760938,Bachelors,Male
L1323,COLLECTION_PAIDOFF,1342.3140352981816,30,2023-11-20,2023-11-27,2023-12-04,5.0,58.21338746015713,High School,Female
L1324,COLLECTION_PAIDOFF,551.6354778745128,15,2023-11-21,2023-11-28,2023-12-05,0.0,51.4761354502118,High School,Male
L1325,COLLECTION,518.2424814283611,7,2023-11-22,2023-11-29,2023-12-06,10.0,32.61627582992051,Masters,Male
L1326,PAIDOFF,1196.9614623664215,15,2023-11-23,2023-11-30,2023-12-07,0.0,47.525388243461684,Masters,Male
L1327,COLLECTION,1497.2555347683942,7,2023-11-24,2023-12-01,2023-12-08,5.0,37.50412496221568,Masters,Male
L1328,PAIDOFF,1396.6102629740208,7,2023-11-25,2023-12-02,2023-12-09,0.0,30.186824881842046,Masters,Female
L1329,COLLECTION_PAIDOFF,1075.99841780566,15,2023-11-26,2023-12-03,2023-12-10,,53.634863177036905,Bachelors,Male
L1330,PAIDOFF,1417.3956130855317,7,2023-11-27,2023-12-04,2023-12-11,0.0,21.537053958493,High School,Female
L1331,PAIDOFF,505.30000639760544,7,2023-11-28,2023-12-05,2023-12-12,5.0,56.07047968541694,Masters,Male
L1332,PAIDOFF,1475.0671629451426,30,2023-11-29,2023-12-06,2023-12-13,15.0,38.45909858498936,Bachelors,Male
L1333,COLLECTION_PAIDOFF,990.7487792587845,7,2023-11-30,2023-12-07,2023-12-14,,45.48805907233122,Masters,Male
L1334,COLLECTION_PAIDOFF,1222.8960966217755,15,2023-12-01,2023-12-08,2023-12-15,0.0,46.37415688823131,Masters,Male
L1335,PAIDOFF,1320.8614731533526,15,2023-12-02,2023-12-09,2023-12-16,0.0,55.804709628261456,High School,Female
L1336,PAIDOFF,1218.4572708365536,7,2023-12-03,2023-12-10,2023-12-17,0.0,45.466787286688295,Masters,Female
L1337,COLLECTION,1035.0367320449104,30,2023-12-04,2023-12-11,2023-12-18,0.0,44.55734339040247,High School,Female
L1338,PAIDOFF,976.619484126412,30,2023-12-05,2023-12-12,2023-12-19,15.0,22.666081622427598,High School,Female
L1339,COLLECTION,1338.5825587026247,7,2023-12-06,2023-12-13,2023-12-20,10.0,40.73632087780816,High School,Male
L1340,PAIDOFF,705.0775601494591,7,2023-12-07,2023-12-14,2023-12-21,5.0,26.006760032681665,Bachelors,Female
L1341,COLLECTION,1467.9940665042343,15,2023-12-08,2023-12-15,2023-12-22,0.0,49.497350748859425,Bachelors,Female
L1342,COLLECTION_PAIDOFF,1210.9524788367482,7,2023-12-09,2023-12-16,2023-12-23,10.0,40.488876832506975,High School,Male
L1343,PAIDOFF,699.5069273383198,30,2023-12-10,2023-12-17,2023-12-24,0.0,47.20911116833413,Masters,Male
L1344,PAIDOFF,1236.2471836984882,7,2023-12-11,2023-12-18,2023-12-25,10.0,21.66691602409537,High School,Male
L1345,PAIDOFF,1029.8400231811165,15,2023-12-12,2023-12-19,2023-12-26,,23.391680641832128,Masters,Male
L1346,PAIDOFF,1207.2300956444446,15,2023-12-13,2023-12-20,2023-12-27,0.0,48.65293552250729,High School,Female
L1347,COLLECTION,1267.7795014428389,15,2023-12-14,2023-12-21,2023-12-28,0.0,22.883373439946936,Masters,Female
L1348,PAIDOFF,587.2901795896754,15,2023-12-15,2023-12-22,2023-12-29,0.0,22.850269110610345,Bachelors,Male
L1349,COLLECTION_PAIDOFF,1006.103956359347,15,2023-12-16,2023-12-23,2023-12-30,5.0,20.484339009395498,Masters,Male
L1350,COLLECTION_PAIDOFF,1432.014342256934,7,2023-12-17,2023-12-24,2023-12-31,15.0,58.2600559319792,High School,Male
L1351,PAIDOFF,820.6421921595143,7,2023-12-18,2023-12-25,2024-01-01,,49.50033437836028,Bachelors,Female
L1352,COLLECTION_PAIDOFF,1093.883097557899,7,2023-12-19,2023-12-26,2024-01-02,0.0,34.13005634008257,Masters,Female
L1353,PAIDOFF,869.2304815098962,7,2023-12-20,2023-12-27,2024-01-03,5.0,31.86142325150621,Masters,Male
L1354,PAIDOFF,954.2679722190996,15,2023-12-21,2023-12-28,2024-01-04,15.0,33.988129189833984,Masters,Male
L1355,COLLECTION_PAIDOFF,1048.6031179381532,30,2023-12-22,2023-12-29,2024-01-05,15.0,50.986141247247275,Masters,Female
L1356,PAIDOFF,1048.9219798889771,7,2023-12-23,2023-12-30,2024-01-06,0.0,46.45482444281657,Masters,Male
L1357,COLLECTION_PAIDOFF,701.7304623302358,30,2023-12-24,2023-12-31,2024-01-07,,27.407822714698717,Bachelors,Male
L1358,COLLECTION,1184.5715478798334,7,2023-12-25,2024-01-01,2024-01-08,10.0,26.964373413363376,Bachelors,Female
L1359,PAIDOFF,587.8681112426568,7,2023-12-26,2024-01-02,2024-01-09,10.0,23.935825988535893,Bachelors,Male
L1360,COLLECTION,638.8247734420204,30,2023-12-27,2024-01-03,2024-01-10,15.0,46.41210878805353,Bachelors,Female
L1361,COLLECTION_PAIDOFF,502.7108994143297,15,2023-12-28,2024-01-04,2024-01-11,10.0,50.57490648886944,High School,Male
L1362,COLLECTION,616.6960641416813,7,2023-12-29,2024-01-05,2024-01-12,0.0,30.60185713300016,Bachelors,Male
L1363,COLLECTION,973.1662010518922,7,2023-12-30,2024-01-06,2024-01-13,15.0,20.83779844123651,Masters,Female
L1364,COLLECTION_PAIDOFF,1106.1018810558385,7,2023-12-31,2024-01-07,2024-01-14,15.0,23.286866699057093,Masters,Female
L1365,COLLECTION,1294.2894499664626,30,2024-01-01,2024-01-08,2024-01-15,5.0,58.71440139380122,Bachelors,Male
L1366,COLLECTION,606.699250113436,15,2024-01-02,2024-01-09,2024-01-16,10.0,31.81779109909681,Masters,Female
L1367,COLLECTION_PAIDOFF,1350.7274600164546,30,2024-01-03,2024-01-10,2024-01-17,,50.768925913525344,Bachelors,Male
L1368,COLLECTION,1245.9745255487182,30,2024-01-04,2024-01-11,2024-01-18,15.0,44.98654275417055,Masters,Male
L1369,COLLECTION_PAIDOFF,908.5182929359169,15,2024-01-05,2024-01-12,2024-01-19,,35.27758558611583,High School,Female
L1370,COLLECTION,1432.9380670999547,30,2024-01-06,2024-01-13,2024-01-20,0.0,28.227490487822205,High School,Male
L1371,COLLECTION_PAIDOFF,1490.9294764573906,15,2024-01-07,2024-01-14,2024-01-21,5.0,24.855456726376257,Bachelors,Male
L1372,COLLECTION_PAIDOFF,705.0018100532373,7,2024-01-08,2024-01-15,2024-01-22,0.0,44.600518721554664,Bachelors,Female
L1373,COLLECTION,879.2285849638004,15,2024-01-09,2024-01-16,2024-01-23,,50.98535122551152,Bachelors,Female
L1374,COLLECTION,1426.4494235897112,7,2024-01-10,2024-01-17,2024-01-24,15.0,45.75617014164523,Masters,Male
L1375,COLLECTION,1221.5965507512772,30,2024-01-11,2024-01-18,2024-01-25,0.0,41.21208532996633,Bachelors,Female
L1376,PAIDOFF,548.0946439640877,30,2024-01-12,2024-01-19,2024-01-26,0.0,21.67804893726545,High School,Female
L1377,PAIDOFF,1281.514481751415,7,2024-01-13,2024-01-20,2024-01-27,0.0,58.739551103775355,Masters,Female
L1378,PAIDOFF,1327.940887177492,30,2024-01-14,2024-01-21,2024-01-28,0.0,51.94856766618298,Bachelors,Female
L1379,COLLECTION_PAIDOFF,1250.5019247653136,15,2024-01-15,2024-01-22,2024-01-29,5.0,31.71288146803859,Masters,Male
L1380,COLLECTION,1299.5371309195157,7,2024-01-16,2024-01-23,2024-01-30,0.0,59.19881317435403,Masters,Male
L1381,COLLECTION_PAIDOFF,1325.1326766927973,30,2024-01-17,2024-01-24,2024-01-31,0.0,44.07526358545289,Bachelors,Male
L1382,PAIDOFF,686.4049867881441,7,2024-01-18,2024-01-25,2024-02-01,10.0,43.29690632828986,Masters,Female
L1383,COLLECTION,735.6917460649997,15,2024-01-19,2024-01-26,2024-02-02,10.0,49.922927177181286,High School,Female
L1384,COLLECTION_PAIDOFF,1133.7585637201773,15,2024-01-20,2024-01-27,2024-02-03,,52.4707915236055,High School,Female
L1385,COLLECTION,1407.866130462516,30,2024-01-21,2024-01-28,2024-02-04,0.0,46.25914429326011,Masters,Female
L1386,COLLECTION_PAIDOFF,816.1965822964946,15,2024-01-22,2024-01-29,2024-02-05,5.0,25.123829854648,Bachelors,Female
L1387,COLLECTION,1088.3066757950567,7,2024-01-23,2024-01-30,2024-02-06,5.0,33.53070023977993,Masters,Female
L1388,PAIDOFF,1182.9820634171324,15,2024-01-24,2024-01-31,2024-02-07,10.0,57.12334561304199,High School,Female
L1389,PAIDOFF,951.9486012990392,7,2024-01-25,2024-02-01,2024-02-08,,28.984624473754078,Masters,Male
L1390,COLLECTION,1213.782454855326,7,2024-01-26,2024-02-02,2024-02-09,,34.88668095350053,Masters,Male
L1391,COLLECTION_PAIDOFF,1399.6674452921732,15,2024-01-27,2024-02-03,2024-02-10,,37.28307531776784,High School,Female
L1392,PAIDOFF,1124.1015441818377,30,2024-01-28,2024-02-04,2024-02-11,0.0,37.57619958777809,Masters,Female
L1393,PAIDOFF,1039.781061914633,15,2024-01-29,2024-02-05,2024-02-12,0.0,44.51758329978102,Masters,Female
L1394,PAIDOFF,938.744675388339,7,2024-01-30,2024-02-06,2024-02-13,0.0,57.7230335097883,Bachelors,Male
L1395,COLLECTION,1077.4862709061258,7,2024-01-31,2024-02-07,2024-02-14,15.0,29.6277084733002,Bachelors,Male
L1396,COLLECTION,855.3624518183958,15,2024-02-01,2024-02-08,2024-02-15,15.0,24.86005505203672,High School,Female
L1397,COLLECTION_PAIDOFF,891.4821102015019,30,2024-02-02,2024-02-09,2024-02-16,0.0,27.898819594397494,High School,Female
L1398,COLLECTION_PAIDOFF,1031.857479688174,30,2024-02-03,2024-02-10,2024-02-17,10.0,55.47699600837078,High School,Male
L1399,COLLECTION_PAIDOFF,566.619112390817,7,2024-02-04,2024-02-11,2024-02-18,0.0,45.83243250620824,Bachelors,Male
L1400,COLLECTION,729.0253909247963,7,2024-02-05,2024-02-12,2024-02-19,5.0,31.436271569566404,High School,Male
L1401,COLLECTION,1042.8493106134088,30,2024-02-06,2024-02-13,2024-02-20,15.0,52.63787755874469,High School,Male
L1402,COLLECTION_PAIDOFF,931.5281431364426,15,2024-02-07,2024-02-14,2024-02-21,0.0,54.45479985453744,High School,Female
L1403,COLLECTION_PAIDOFF,832.8157859124842,7,2024-02-08,2024-02-15,2024-02-22,0.0,53.860573547611125,Bachelors,Male
L1404,COLLECTION,1230.5491368093014,7,2024-02-09,2024-02-16,2024-02-23,10.0,56.75706134558218,Masters,Male
L1405,COLLECTION_PAIDOFF,1193.7176074033384,30,2024-02-10,2024-02-17,2024-02-24,5.0,30.08964080693446,High School,Female
L1406,PAIDOFF,666.7307599933831,15,2024-02-11,2024-02-18,2024-02-25,0.0,50.201677149851136,Masters,Male
L1407,COLLECTION,1378.6291153734383,30,2024-02-12,2024-02-19,2024-02-26,5.0,38.4215798909656,High School,Male
L1408,COLLECTION_PAIDOFF,995.4236264039657,15,2024-02-13,2024-02-20,2024-02-27,0.0,53.67994211560246,Masters,Male
L1409,COLLECTION,1241.4609111390455,15,2024-02-14,2024-02-21,2024-02-28,0.0,49.13962708646453,Bachelors,Female
L1410,PAIDOFF,1073.1508492573887,15,2024-02-15,2024-02-22,2024-02-29,15.0,51.057897859988984,Bachelors,Male
L1411,COLLECTION,1497.6926159238433,7,2024-02-16,2024-02-23,2024-03-01,5.0,46.24647350724286,High School,Female
L1412,COLLECTION,1252.4031200388226,30,2024-02-17,2024-02-24,2024-03-02,5.0,27.097150778788276,Masters,Female
L1413,COLLECTION,1206.980461243459,30,2024-02-18,2024-02-25,2024-03-03,0.0,41.80107675587753,Bachelors,Male
L1414,COLLECTION,1278.571939050751,15,2024-02-19,2024-02-26,2024-03-04,0.0,59.38678958098033,High School,Male
L1415,PAIDOFF,643.1279855484696,7,2024-02-20,2024-02-27,2024-03-05,10.0,57.495522659884756,High School,Male
L1416,COLLECTION,704.5445931694633,7,2024-02-21,2024-02-28,2024-03-06,,21.726949431880467,Bachelors,Male
L1417,COLLECTION,1214.0640822236142,30,2024-02-22,2024-02-29,2024-03-07,10.0,26.592592629177485,Bachelors,Female
L1418,COLLECTION_PAIDOFF,993.9814871308627,7,2024-02-23,2024-03-01,2024-03-08,5.0,25.269150938182477,High School,Male
L1419,COLLECTION,1254.6352918601165,7,2024-02-24,2024-03-02,2024-03-09,10.0,49.03919639941182,Masters,Male
L1420,COLLECTION_PAIDOFF,602.916030744145,15,2024-02-25,2024-03-03,2024-03-10,0.0,52.7114131942778,Masters,Male
L1421,PAIDOFF,1036.4813514845946,7,2024-02-26,2024-03-04,2024-03-11,0.0,28.540454652426877,Masters,Female
L1422,PAIDOFF,878.8215655569156,15,2024-02-27,2024-03-05,2024-03-12,5.0,40.23410771807316,High School,Male
L1423,PAIDOFF,957.0002192816783,30,2024-02-28,2024-03-06,2024-03-13,5.0,53.628121120448,Bachelors,Male
L1424,PAIDOFF,1103.9578720725126,7,2024-02-29,2024-03-07,2024-03-14,,49.31206179065002,High School,Female
L1425,COLLECTION_PAIDOFF,1002.2883474625302,30,2024-03-01,2024-03-08,2024-03-15,,41.68948821967393,Bachelors,Female
L1426,COLLECTION,1039.8606371128367,30,2024-03-02,2024-03-09,2024-03-16,15.0,43.613907618350915,Masters,Male
L1427,PAIDOFF,986.3574819956078,7,2024-03-03,2024-03-10,2024-03-17,5.0,40.3344218766512,Masters,Male
L1428,COLLECTION,908.9551770854932,7,2024-03-04,2024-03-11,2024-03-18,0.0,31.901938052752822,Bachelors,Male
L1429,COLLECTION_PAIDOFF,1271.881980598245,30,2024-03-05,2024-03-12,2024-03-19,10.0,42.600879714360644,Bachelors,Male
L1430,COLLECTION_PAIDOFF,512.2030723180445,7,2024-03-06,2024-03-13,2024-03-20,5.0,47.55541208200363,High School,Male
L1431,COLLECTION_PAIDOFF,1098.442701205227,15,2024-03-07,2024-03-14,2024-03-21,0.0,54.93291663443231,Masters,Female
L1432,PAIDOFF,1065.5083473229738,15,2024-03-08,2024-03-15,2024-03-22,15.0,45.45165415916992,High School,Female
L1433,COLLECTION,1216.1790747329521,7,2024-03-09,2024-03-16,2024-03-23,0.0,50.44486148172632,High School,Male
L1434,COLLECTION,1099.0293647773265,30,2024-03-10,2024-03-17,2024-03-24,0.0,26.402865398182918,High School,Male
L1435,COLLECTION,1326.7988278090784,7,2024-03-11,2024-03-18,2024-03-25,,38.462298976791594,Masters,Female
L1436,COLLECTION_PAIDOFF,1459.0747945640278,7,2024-03-12,2024-03-19,2024-03-26,10.0,20.37326479308373,High School,Male
L1437,PAIDOFF,842.5242571785434,30,2024-03-13,2024-03-20,2024-03-27,5.0,29.86715458086492,High School,Male
L1438,COLLECTION_PAIDOFF,727.350983029987,30,2024-03-14,2024-03-21,2024-03-28,0.0,49.05846860452019,High School,Male
L1439,COLLECTION_PAIDOFF,923.5968624204829,15,2024-03-15,2024-03-22,2024-03-29,10.0,59.67239805397454,High School,Male
L1440,COLLECTION,787.9296164757261,30,2024-03-16,2024-03-23,2024-03-30,0.0,23.967123983488637,High School,Male
L1441,COLLECTION_PAIDOFF,1114.9502631526543,15,2024-03-17,2024-03-24,2024-03-31,,36.059772634451534,High School,Female
L1442,COLLECTION,1411.8524088429647,30,2024-03-18,2024-03-25,2024-04-01,0.0,52.00283874796638,Masters,Male
L1443,PAIDOFF,639.1161941430619,7,2024-03-19,2024-03-26,2024-04-02,15.0,28.161425385155955,High School,Male
L1444,COLLECTION,600.7946030158865,15,2024-03-20,2024-03-27,2024-04-03,10.0,42.20339797209145,Bachelors,Male
L1445,PAIDOFF,756.0155318536622,15,2024-03-21,2024-03-28,2024-04-04,10.0,49.32285184118699,High School,Female
L1446,COLLECTION,1226.0955860624008,15,2024-03-22,2024-03-29,2024-04-05,0.0,44.63941801040716,High School,Female
L1447,COLLECTION_PAIDOFF,1092.9629052588216,7,2024-03-23,2024-03-30,2024-04-06,10.0,27.520989384616644,Masters,Female
L1448,COLLECTION_PAIDOFF,602.2126642251995,7,2024-03-24,2024-03-31,2024-04-07,0.0,34.21538274742957,Masters,Female
L1449,PAIDOFF,1418.7505222607465,7,2024-03-25,2024-04-01,2024-04-08,0.0,51.35167137941589,Bachelors,Male
L1450,PAIDOFF,1290.0846371240868,7,2024-03-26,2024-04-02,2024-04-09,0.0,42.16906056528067,Bachelors,Female
L1451,PAIDOFF,523.0226047876375,7,2024-03-27,2024-04-03,2024-04-10,15.0,20.20918454171651,Masters,Male
L1452,COLLECTION,1151.3672109882461,15,2024-03-28,2024-04-04,2024-04-11,5.0,50.43963040112375,Masters,Male
L1453,COLLECTION,1271.246668519738,7,2024-03-29,2024-04-05,2024-04-12,0.0,21.412454197609563,High School,Female
L1454,PAIDOFF,874.435369720422,15,2024-03-30,2024-04-06,2024-04-13,5.0,49.82935130924929,Masters,Female
L1455,COLLECTION_PAIDOFF,568.9215393672188,7,2024-03-31,2024-04-07,2024-04-14,10.0,28.099222406609496,Bachelors,Female
L1456,COLLECTION,577.3210654887872,30,2024-04-01,2024-04-08,2024-04-15,0.0,58.32293920477521,High School,Female
L1457,COLLECTION,604.2469660518095,15,2024-04-02,2024-04-09,2024-04-16,0.0,34.71763005208338,Bachelors,Female
L1458,COLLECTION,1340.439631980423,30,2024-04-03,2024-04-10,2024-04-17,0.0,33.077264653523166,High School,Male
L1459,PAIDOFF,1410.686198255713,15,2024-04-04,2024-04-11,2024-04-18,15.0,25.955522013297788,Masters,Female
L1460,PAIDOFF,622.8107818457338,30,2024-04-05,2024-04-12,2024-04-19,0.0,32.22416861960859,Bachelors,Female
L1461,PAIDOFF,735.9060345950812,7,2024-04-06,2024-04-13,2024-04-20,0.0,55.06603047312802,High School,Female
L1462,PAIDOFF,665.5205103672897,7,2024-04-07,2024-04-14,2024-04-21,0.0,59.85337350508989,High School,Male
L1463,PAIDOFF,686.3208794941206,7,2024-04-08,2024-04-15,2024-04-22,10.0,34.732381220273936,Masters,Female
L1464,COLLECTION_PAIDOFF,1337.490789002492,15,2024-04-09,2024-04-16,2024-04-23,0.0,37.9444252381817,Masters,Male
L1465,COLLECTION_PAIDOFF,832.146412654939,30,2024-04-10,2024-04-17,2024-04-24,,48.882837528109484,Masters,Female
L1466,PAIDOFF,811.4442640456411,7,2024-04-11,2024-04-18,2024-04-25,,55.44783121860298,Bachelors,Female
L1467,COLLECTION,727.3956208771126,30,2024-04-12,2024-04-19,2024-04-26,,43.721773367471364,High School,Male
L1468,PAIDOFF,1107.8943937942586,30,2024-04-13,2024-04-20,2024-04-27,0.0,35.661027927113174,Masters,Female
L1469,COLLECTION_PAIDOFF,879.3056983855488,7,2024-04-14,2024-04-21,2024-04-28,0.0,36.50487363394495,Bachelors,Male
L1470,COLLECTION_PAIDOFF,1244.2496518432888,7,2024-04-15,2024-04-22,2024-04-29,,47.824725859872274,Bachelors,Male
L1471,COLLECTION,705.5798083756375,30,2024-04-16,2024-04-23,2024-04-30,5.0,20.128730544171148,Bachelors,Male
L1472,COLLECTION_PAIDOFF,1287.7898887144925,7,2024-04-17,2024-04-24,2024-05-01,15.0,44.78357349839363,Masters,Female
L1473,PAIDOFF,1103.7215317301388,7,2024-04-18,2024-04-25,2024-05-02,5.0,34.219720417654294,Masters,Female
L1474,COLLECTION,614.2673000556878,7,2024-04-19,2024-04-26,2024-05-03,,51.76789325108337,High School,Female
L1475,PAIDOFF,914.5045842036277,15,2024-04-20,2024-04-27,2024-05-04,15.0,23.719625592925286,High School,Male
L1476,PAIDOFF,1363.5181406129568,30,2024-04-21,2024-04-28,2024-05-05,10.0,43.52809067793562,Masters,Female
L1477,COLLECTION,1422.960231798485,30,2024-04-22,2024-04-29,2024-05-06,5.0,39.23891559544495,Bachelors,Male
L1478,PAIDOFF,965.7001223188132,15,2024-04-23,2024-04-30,2024-05-07,0.0,45.693021036209096,Bachelors,Female
L1479,COLLECTION_PAIDOFF,980.8369780890736,30,2024-04-24,2024-05-01,2024-05-08,0.0,22.594143779318735,Bachelors,Male
L1480,PAIDOFF,1418.4547249393013,7,2024-04-25,2024-05-02,2024-05-09,5.0,43.19935149712525,High School,Male
L1481,COLLECTION,1087.068224136567,30,2024-04-26,2024-05-03,2024-05-10,,42.459383518380946,Bachelors,Male
L1482,COLLECTION,532.8466702434383,7,2024-04-27,2024-05-04,2024-05-11,0.0,42.426403776646836,High School,Female
L1483,COLLECTION,1412.7494628791287,15,2024-04-28,2024-05-05,2024-05-12,10.0,44.13950666385819,High School,Male
L1484,PAIDOFF,748.2264427571519,7,2024-04-29,2024-05-06,2024-05-13,0.0,47.05871748905449,Bachelors,Male
L1485,COLLECTION,1077.6319540915472,30,2024-04-30,2024-05-07,2024-05-14,,52.19955998723079,Bachelors,Male
L1486,COLLECTION,665.5133174279738,30,2024-05-01,2024-05-08,2024-05-15,10.0,30.792828805128572,Masters,Male
L1487,PAIDOFF,533.879160246595,30,2024-05-02,2024-05-09,2024-05-16,15.0,53.001976407202484,Masters,Male
L1488,COLLECTION_PAIDOFF,811.4731711327574,15,2024-05-03,2024-05-10,2024-05-17,10.0,39.93022729053814,Bachelors,Male
L1489,PAIDOFF,1280.4957075460877,15,2024-05-04,2024-05-11,2024-05-18,,23.082331165373247,High School,Female
L1490,COLLECTION,777.5871726294181,30,2024-05-05,2024-05-12,2024-05-19,15.0,22.342037169759166,High School,Female
L1491,COLLECTION,720.097214081097,7,2024-05-06,2024-05-13,2024-05-20,,33.36953274784243,High School,Male
L1492,PAIDOFF,712.6807843412263,15,2024-05-07,2024-05-14,2024-05-21,0.0,51.3958790844587,High School,Female
L1493,COLLECTION_PAIDOFF,1015.1736824068126,30,2024-05-08,2024-05-15,2024-05-22,0.0,48.307237389636626,High School,Female
L1494,COLLECTION,1475.5413156827562,30,2024-05-09,2024-05-16,2024-05-23,,51.54459858689626,Masters,Male
L1495,COLLECTION,958.9889880170131,15,2024-05-10,2024-05-17,2024-05-24,,40.690762257664375,Bachelors,Male
L1496,COLLECTION,1057.305368890048,15,2024-05-11,2024-05-18,2024-05-25,0.0,37.60795991821962,Masters,Male
L1497,PAIDOFF,1360.632017890734,15,2024-05-12,2024-05-19,2024-05-26,0.0,25.898101068251357,High School,Female
L1498,COLLECTION,1035.0697189336586,7,2024-05-13,2024-05-20,2024-05-27,0.0,33.12771014437246,High School,Male
L1499,COLLECTION_PAIDOFF,684.4628714188561,7,2024-05-14,2024-05-21,2024-05-28,15.0,37.36077464695501,High School,Female
